PAH 6.2 SNR,PAH 11.2 SNR,PAH 7.7 SNR,PAH G11.0 SNR,PAH 8.6_north_SNR
28.5741016532708,12.3537074791329,25.1333102917165,1.07273567630814,4.43624230251761
38.7931453938756,16.142728323301,33.6400892288803,1.36596092665104,6.04878124989854
80.4281178743,33.0596772511469,63.5548437666269,2.94799129070718,13.4169117314154
65.6138313019492,26.9836469504803,50.6127174705329,2.80347738153455,11.5787940081178
92.5891573543336,37.6659046220459,74.8788156547977,4.28473786683599,16.860173970935
70.153177151858,27.8787273529822,60.7579303600552,3.39391312792229,13.5347734104958
37.2681381796077,13.8926872806109,31.5096265867923,1.78468237800956,7.08891707935261
47.8183476580291,15.5661945053695,37.1153296590494,2.03295185310511,8.62563197969872
57.5225729163238,17.6603710140864,44.1454681150449,2.54446497533404,11.3314622149449
75.9033390533856,22.5205315529771,62.2458399541706,3.4623033047759,17.0631946602032
104.267339730792,28.5333100765728,80.6513058285549,4.69533268372619,23.3424342331984
95.1555327289086,24.7062801099598,71.3889338356274,4.78685523685598,20.2099587163211
64.9180775862524,16.5351736567096,49.5993563765007,3.46557609774178,13.0042916783368
43.5505048504503,10.6445290300667,33.1867403624274,2.22841293065548,8.40658027401871
44.3680695452466,10.8028211151481,33.7410050011946,2.34415648221103,9.09744405000713
34.9733067723131,8.4439359916678,27.0902241146796,1.88476937234314,7.26450442295682
37.4420430472111,8.9601486753001,29.5257293818043,2.05782060618708,7.71081794341894
55.2804060478701,13.724060616581,46.3422248440436,3.38543659226112,11.7964881071971
85.8441743394139,20.7232026503445,69.6863043234258,5.52185942839802,17.6758516725048
81.0521021558071,18.7002363474368,62.7617095124398,4.80953084299463,16.1261598120009
96.6087083362516,23.7415317321974,77.272761092111,5.64840050659836,21.4947211736961
76.0543555189937,19.8116185214385,68.1283662066668,4.71092637587955,19.002226521778
83.2816714013565,21.3599643105446,76.1240880847667,5.190673900005,19.8957474249535
219.361382581838,55.2482382820457,193.32564554271,13.5348158059695,47.7749437287602
103.241865921668,26.0122436777092,87.1495770885239,6.42036789145818,22.5091986845161
74.0513666165228,18.6602691444412,61.0842854806655,4.55747296785588,16.3444012291688
79.9590887196549,21.1923754823666,69.1359418655478,5.05640065435917,17.5967572598574
73.3236293190435,18.9949069468111,63.9150989002665,4.68554562201497,16.2324046927564
41.9660919356969,10.4174722423063,35.3415637972455,2.54430123610881,9.65077345064612
24.8159130328268,4.91074398693869,16.0169429120388,1.1682046547456,4.95156959142029
21.8754795672251,9.92852603307189,20.5023530098295,0.875930160062731,3.4943682887738
30.823018262675,13.4723931329438,26.7352633513857,1.15777335469824,4.80808878499849
50.345270279275,22.5197480509715,42.0244188400274,1.98911694520965,8.63038623618839
50.1882495099859,21.4158937233895,39.6079635409238,2.11866433777362,9.01312560600512
70.8414742701325,28.4667870664305,57.3282014759762,3.08354737476352,12.918402793408
75.7098743073239,29.1011277709313,63.4689741106073,3.5378605096936,14.530207668135
104.309054203348,37.3098868324755,85.8063788864522,4.83871168746146,19.8726796455
87.4113083022572,28.0435249087674,67.2493858402266,3.42712148181597,15.7461536899925
66.1890547865914,20.5618254844091,51.109950443865,2.64083174000099,12.589067886395
61.598059704102,18.9509539433122,50.1849034071002,2.70325568395129,12.8804433744277
102.658394109785,28.7587695462736,80.6572363713165,4.5794275942339,21.471788499172
111.228511813783,29.7214336070776,83.9722092377525,5.49690313943951,23.2660442151751
77.8043329819802,20.5391150423132,61.4819278214445,4.12492153785003,16.1355730769383
44.2465154334018,11.1283871654228,33.9666581985129,2.35145465422937,8.83730451984046
47.2076398738937,11.5871343275359,34.807633635944,2.66503244969141,9.65861256044796
41.5786486568561,10.422521637179,32.3653004270736,2.40270456673907,8.6226294043425
50.275323269613,12.656693103711,41.1226465248918,2.82656440328774,10.3513524912014
58.6657440396076,14.3166071478041,47.7583114239711,3.41372484807435,11.7878734975634
75.5606116661922,18.3426025677742,61.9983650539383,4.79900467563576,15.8264223021117
73.7234756089457,16.9132653380956,58.3651119961303,4.25526667177804,14.8778589479602
73.598960449931,16.712651871475,55.8917856467523,3.88681339549644,15.4556704011616
114.352931286836,27.208929560525,93.5569175539111,6.45681244707453,25.5113540113804
100.370040922898,24.9950503272249,90.0151612788165,6.16919834044722,23.7742227087207
146.054888834674,35.9377304082018,127.392877915368,8.71528861913392,33.9248994755207
65.8087999622955,16.2619895639047,54.9588986901248,3.86953784353595,15.3075352051009
60.6030220071467,14.868457082987,48.822522731204,3.5326414187737,13.8743413899226
62.6431315388323,16.5081974955052,53.5945565793616,3.87152654037963,14.7659317855747
108.275664547806,27.7373241643417,91.3045791114181,6.50325999892884,24.4749493223334
118.812807263075,29.3968927021746,101.504340886008,6.48387403420593,27.5851228920988
29.8132923736419,6.06728716867878,20.7919952337207,1.29095880669705,6.00229386270865
23.5314124524342,10.8760131497734,22.1618583624431,0.803158559675007,3.80704640917813
33.6852535781321,14.7146333198455,28.6798935885357,1.07670711676003,5.23630930365762
61.5441976584663,27.3049466989771,50.345184355977,2.20437096993745,10.6216474311326
78.0833874662586,33.2023135690009,64.9097343705997,3.22701875063993,14.2404409604253
100.109509167387,39.8372348768649,84.5089490962997,4.39948512158291,18.3064022484408
85.784955174223,31.9499146354911,73.4120866198531,3.88173783671351,16.4325325159124
80.0544581306963,27.9372279710508,67.7750013197139,3.63345516111691,15.4516819139331
86.1919351082539,28.3699626158327,70.9738306852461,3.62414711921236,16.0488335725909
65.412115122264,20.2554337247319,49.5020316028704,2.7390850957859,11.8644206782625
50.1015601958868,15.7873033791039,40.2414252482389,2.20841793176728,9.97960468333524
70.6121733450843,21.3509742855724,56.8607338394172,3.39329294060149,14.4642884184591
109.798103463796,30.7696773964973,85.8588901267631,5.69159616225404,22.6827633112617
65.13310533813,17.4686732330886,49.8203058364362,3.506913207783,13.3234262566931
42.7274371824385,11.2860608260378,32.2822645025201,2.38646680248257,8.7284639363598
44.713487044399,11.8092764654536,33.2754760642846,2.67579458084238,9.50026062526162
48.8055278639815,13.0643557934682,38.8493504099479,2.86685140743415,10.6808763926341
63.2438380747599,16.1083382938777,50.597576478816,3.43819550544318,13.2106657122001
67.6246812745751,16.6048042082977,55.8911732120319,3.76969477951765,14.0458633242247
87.2368536103625,21.9356224189231,71.303449391059,5.47025014557087,18.1024904694251
88.9179334448773,21.0369311652364,71.6265847622752,5.32257344127155,18.1117764291254
64.2123040823369,14.7115422878271,50.6962369188623,3.63967368221238,13.7970025385041
82.6925426411948,18.9141393745655,66.165749549378,4.75053684801205,18.5494342670229
77.7257893417907,18.2487279826973,66.5227911178719,4.71294341875706,17.8167951604365
77.9627725854059,19.1747730658451,67.4996622799212,4.84784516313796,18.5733384378548
63.6245087701535,15.5465022547119,53.5066775000986,3.78584335118292,15.0173478552656
59.6519133784084,14.5084139103533,47.874191443684,3.50482098065101,14.0835100982494
50.3080869206458,12.6495220530263,40.8015050822815,3.01948603629428,11.754710770933
79.8776820750746,20.0679566105042,64.5678287670594,4.7147523754995,18.0682116255136
70.8059219867742,17.5789119843301,58.740279341803,3.8024735389513,16.4091241425595
26.4334335991243,5.70004340883678,19.7071627835641,1.17656800234145,5.41032889245003
24.5841398956606,11.809918263316,22.8079332860028,0.831594716285632,3.99465128727303
48.4798666628327,21.3262281176878,39.7304403536847,1.5228622439535,7.27821983688754
132.384487320389,58.7815548261636,111.602522862362,4.69706798597062,22.3493589998988
82.5957749280818,34.9814116828729,69.5031482702013,3.60576455409638,14.7927321580992
104.569414321801,40.5017747083354,88.0039297811261,4.80278235031519,18.5429509066738
75.054595061305,27.0260604105186,64.3237284749155,3.37903996007328,13.6357528507831
78.7895257925014,26.4225548327252,65.515399367018,3.39902077748978,13.974530767251
98.600513462817,32.1353478448959,80.6299571803844,4.27133520814091,17.0347592940413
83.7112799007143,26.2003302449021,63.6282705106071,3.71854359454038,14.4710934764133
72.6829278775164,23.3604159902281,58.0528875419778,3.24498393143595,14.2285051229099
57.7855743986105,17.9878756826338,46.0474723834332,2.80073818403962,12.0787213160836
65.8932960658351,19.6270218897752,55.0974731749451,3.41726801793346,14.3934908525601
60.406363508829,17.0491720058886,49.9735935725777,3.25880190077429,13.0461460744279
44.2924261467444,12.0373603372174,34.6942005230833,2.42570108285898,9.12155350298005
47.4294865923121,12.3705931030534,34.6349949941149,2.58978680394656,9.45446516890689
52.8635531200484,13.9860254424513,41.8390080355402,2.90922284964474,11.1814329359037
68.8147403331648,18.5221389899892,56.9384973569157,3.87255919572303,14.6678575996684
55.1259958580817,14.4052484851841,45.7722559928663,3.19239272724349,11.9064371202179
100.279159787924,25.7153426495389,82.2851506004853,6.11668732434567,21.4229318684545
96.0634492982174,22.9047880152369,77.7635932521511,5.55553037823634,20.0188645525198
78.162631004564,17.7491467004398,58.735820631704,4.33616480181126,16.6823501176419
89.2825284724901,21.1941713185621,73.0639516403457,5.38169869949284,20.6642235507333
71.5365357877939,17.0196597276249,62.151757419331,4.56169036139939,16.4450950577683
59.6202999109223,14.4740669975873,51.6504797059727,3.93540033389853,13.4311638764139
57.7171792950412,14.4542754989125,50.0595388114716,3.82848976951087,13.3109743809812
56.3974859693404,13.9369386048165,45.4470597968609,3.50910658952243,12.9927746700084
50.1636392208064,12.714796977801,42.198218027589,3.11963902786913,11.5256375204804
105.867881743707,27.2603791930931,88.955921691367,6.58303381114953,23.6056037051023
69.3332353789382,17.046359160976,55.8441620842935,3.78213636828831,15.1400194123374
27.0256686285689,5.63347405267825,19.2152834482463,1.15391972522736,5.12923905108245
22.8093607835851,11.4855312794149,22.2023054060597,0.85328411585369,4.04310797817435
61.4071676056892,29.1551842640331,52.2636451916442,2.2146988006368,9.87785145703972
115.852199910044,54.0443114419136,98.5114172016984,4.49406917165851,19.9179743153708
172.409690588379,74.9164551130369,143.643495155836,8.07222736472362,31.0305508880095
178.90372940116,70.6434223463882,157.074664698627,8.95692037883486,31.5447992918985
111.131292225123,39.6642641061653,98.3485936905279,5.08905896520911,19.4675844637824
95.6889000661076,31.7436130300361,80.8613394672788,4.04240409030252,16.1067851457698
98.0952583674335,31.8250717798088,82.4351612360248,4.0537783633049,16.7710705061544
108.749060816204,34.32869077613,85.4830733893567,4.55201037620625,19.1613118606112
106.300436232208,33.9466907375133,84.456080068994,4.59267655914526,20.0937484994229
72.1043434560171,22.2117382733668,58.5236185595039,3.2311492485402,14.2848140155728
67.0395597839752,20.1286457694303,56.3787723741501,3.29033872627294,14.4076802436927
72.5827718760667,20.5855792979017,60.8048121906512,3.78566443519545,15.4253949500613
52.5166392984428,14.5919993753443,42.9532216990831,2.76863313883164,10.8378863372635
62.3675232418208,16.4296164552062,47.9683444114945,3.32182046888524,12.6115689772403
55.2863788679194,14.4473764261635,43.7829933296419,2.97410764861418,12.0899129787404
57.3966949591816,15.0524025253084,46.9040403887054,3.13931911428629,12.4966482500963
52.9991012448761,13.6483681133145,40.6912587907579,2.97282367514196,10.975935479846
68.4199533716387,17.3722492308581,54.2232246375105,3.9019888293053,14.3944834245655
69.6866147990579,16.607930362232,56.0829433075161,3.77723640101574,14.643057948671
70.2944764375721,16.2788953007619,54.863663095804,3.86521110225393,15.2677340285316
107.738774429115,25.4671791977946,88.4399598158372,6.21068614723144,25.4205769749211
101.473480624892,23.5380628352276,85.9401316544446,5.86129335208158,23.0967042005062
104.51908885334,24.8674593929035,86.3179748235413,6.36965247713605,22.333562962748
85.1043941307025,21.2523516273277,68.4999387965455,5.33388917360817,18.6651719872269
66.8889207993984,17.0216684114356,54.6485447133231,4.09096916158491,14.7415756343002
66.3324248621275,17.3285480526573,56.1226625574932,4.12476416126455,14.5783277058249
128.820280831012,34.0196456159401,109.498541366907,8.26434350233743,28.1349998585756
96.1947244158485,24.2505967968075,78.4836196104698,5.55921169891804,20.9695411720879
32.1965052607752,6.85268645427724,22.4848619673565,1.41884273423223,6.07946136922545
26.2805801203015,13.8735215284756,25.5267980512192,1.09666017830579,4.69329731511431
55.2449205737571,27.7276860856063,49.0127232369131,2.20701946756378,9.13958951813565
87.9987105664488,40.7315467473476,71.8027581604752,3.41103979179499,14.6017674538421
124.639104013303,54.321936150137,105.61255051523,5.67347274592221,22.5147894472544
127.996865122211,50.9795338591876,117.035310852987,6.44584036422847,22.6972409247173
108.664544078066,39.2122407107882,99.8682310093498,5.0445477479564,18.6881969616974
128.320504400005,43.0667967510592,111.514717993394,5.48670291231872,21.2275267845573
84.7955500171505,27.0425526118242,70.4922626829364,3.32824730891248,13.8369255946364
95.5081191741157,30.0547364518879,75.4445440347029,3.83172501122371,16.7786635126948
129.190301096156,41.2186068969444,103.523247569336,5.55742225788589,24.9669401178633
130.533932490597,39.498917792781,104.672878606447,5.89792233200356,25.1204478512474
118.562009879884,34.0276462888873,92.865727005348,5.55546180566333,23.4003905623586
94.7926712460282,26.4192521034097,76.9809441406219,4.77263228513464,19.1453703522519
50.178058033164,13.939083202549,41.8451061414671,2.61344727907492,10.1986580906846
58.3301919461626,16.1934595401997,48.9904381115313,3.25294944942293,12.6249635760345
63.2762000914854,16.9146187405248,52.5723523896072,3.45000907634148,14.3273675867391
77.074622369339,20.432175782467,63.588508688159,4.18381426889817,17.2776648799511
84.9048490384123,22.3873379391893,70.7900502012631,4.82402139370099,18.5536576293162
99.2140494894787,25.306965754932,80.3812068060746,5.59861479987158,20.5576792727526
67.6288088375002,16.1979167413378,52.9447547363462,3.65689458059219,13.3083296605346
65.6680262551237,15.3212168525322,50.7385687374831,3.5312031762773,13.519714433065
93.2944554324397,23.0428728688172,79.6216593771468,5.46355630656162,21.5997763123821
107.789100674778,25.3475372104786,91.6687579483279,5.98357426084958,23.456656794159
184.622805453861,43.4506625848077,149.135591007044,10.0711240085475,38.8537666069457
77.2637284525042,19.2047948080923,61.0672965613279,4.19229090677362,16.409824800174
67.8313676268049,17.1826598282897,52.9647617187895,3.66028881860192,14.2193410449153
68.9315590505013,17.7123249419797,55.0287786236089,3.93296092493063,14.0284328169684
136.843295547627,35.2114478900975,110.340111856808,8.24593123405707,27.8365354047763
85.843312624086,21.7129101161208,69.4861343348668,4.90831261360349,18.5679174948785
32.3573761322917,7.04298230919149,22.6211305944546,1.47049633193714,6.24494754046442
21.1014645201972,11.26246929173,20.6811927906632,0.793728901045248,3.64609007508415
43.9972952537831,21.776285303106,38.9330909647672,1.59015542373153,7.09414392856877
78.8583919321171,37.3185901275758,67.5779389885048,3.05679373682886,13.6251651816653
79.5906195306528,33.1897091850882,67.0465849633685,3.36001357727635,14.418509066027
103.030512375074,37.9654974136602,87.6198420677033,4.67448931250918,17.8742052188425
113.522804988952,39.7147517644983,100.298514023769,5.12926892837462,18.7606553097473
152.582555640906,51.1174470637517,130.938581454035,6.48610162952062,23.6188831716345
103.952866318341,32.6925338903638,83.891654412846,4.15277058998355,15.6947039318412
90.1912834502796,27.6320678110598,70.5242877816193,3.61044208208027,14.981254952357
119.205154867086,36.8739149168587,96.1259285176573,4.81529202653211,23.0352175773969
107.056370441769,31.1475987319965,82.7673734654354,4.68315286943648,20.2046604374249
106.017064677904,29.5239081303506,78.2637072989896,4.97765445065884,19.8104170268456
78.5087927345514,21.3610355336771,61.9302622529765,3.7111417460233,15.0405840708519
46.8163924439837,12.7242431468302,37.9248792325086,2.22410963347941,9.29145692372778
59.9849782575241,16.5179687413246,48.997021678578,2.9854355475818,12.8667036542025
70.0045350945971,18.7771491824381,57.3069158744665,3.52639182598885,15.5652214700004
78.0602633389201,21.4816081915183,66.8153563397135,4.21687089821961,17.8475759036341
84.7790969650181,23.0067738717101,73.0789720724077,4.74099338201745,18.9199337760027
94.8240516513477,24.868460159733,79.3787063909845,5.38371470393818,19.9345091308248
65.7594159578367,16.3418518622887,51.8183969734218,3.57395923881876,12.7180066947143
64.1808077884341,15.6194064456072,50.4964329990639,3.42801908024923,13.0657712338779
99.6156449457932,25.2179970584573,83.0948090032225,5.83357541135343,22.415661740011
77.9317967967112,19.0657865134445,66.8146161295355,4.44825329291766,17.3677959994067
125.27374215161,29.3618767285409,99.7067693480141,6.61792049305662,26.3442300255676
78.2314041089669,19.035510386437,60.5815654892581,4.10851818141262,16.0597995841397
61.3014418663181,15.1182528136706,46.0922906052828,3.09674722397679,12.6702864509006
72.3976711665806,18.3264805874122,56.1131235397193,3.7906763078638,15.0103962233203
112.263528614578,28.0669790830429,87.0749445155444,6.15934830670439,23.0242968553139
58.7613283112072,14.6088749261346,45.6462379127391,3.17856818948906,12.5206574561146
30.9837858010199,6.89555206206749,22.2641901475539,1.49019945987781,6.06976743304636
21.1116703012931,11.2905525314333,20.1319748196171,0.799367816887486,3.54648172302219
40.8437117039723,20.2692969650163,35.472379285363,1.52584767831481,6.69631793272959
50.8471775466564,24.8345552378854,43.0649298135211,2.16638172179763,9.13102269610562
100.44894487253,42.7998630684514,83.3113993279206,4.40765144367253,17.7081544585565
127.717675030153,47.6624372228814,108.60162565597,5.40316025679657,21.6424542633575
127.579025217709,44.1084411866333,110.739818542657,5.32640249279767,20.422922443072
95.0384072493297,32.6373652606753,83.9145951638822,4.16884260645457,14.6341127949037
138.560490371429,45.7334191828786,117.293411574052,6.0681776145276,20.8834192632591
130.097585714316,40.0149134836705,103.802071913151,5.25175875535234,21.2557992853467
126.982824930752,39.5717113700861,104.526517477224,5.01500154576179,24.4791447064957
98.6340777062107,29.0114903447159,78.495289842485,4.16659971694192,19.1879564079652
90.0871224185273,25.582840814653,71.2090812303665,4.14089050754354,17.8936052687518
74.7457532837053,20.4023985309457,60.1034119486482,3.61515191780786,14.8687234085246
57.9750940900492,15.4076440871125,45.640194623438,2.79930213949299,11.5136995414714
78.7925479491378,20.2419370148584,60.7083623511875,3.74370523913352,16.027323709433
71.4505277268036,18.655680262993,55.8500807897898,3.40970576594096,14.8925802461954
85.3161365995212,23.2657920311016,71.8750113964439,4.30455353488713,18.3431684547514
118.888732666165,32.3901448195599,99.5104620169614,6.43490900606985,25.1662248351889
111.744610403636,30.5418639242132,93.2447247555217,6.25938580145393,23.8352428100247
84.3672640115013,22.2315876897966,68.7042509005438,4.42892352081547,17.5360485312902
68.6940732796823,17.6351225497802,54.7454023247301,3.57198804480999,14.6454790387875
86.3408544634479,22.2257286983819,68.9341884610946,4.96288196499253,19.901976309265
69.0371490181756,16.8174696751063,56.603978671723,3.80537151567281,15.7853973185978
115.704959590375,27.9007812045785,93.3495551164159,6.20322371961965,24.8911147916889
120.556739435055,29.7264170798271,96.781130825737,6.56734347563433,25.4950678970481
128.475477261948,32.2018872207219,104.650812674806,6.75426044131184,28.0724457238285
135.61186747831,35.3745464041558,111.723159104374,7.26292834677094,29.8948456541807
210.063002521501,53.9728182305623,170.747311107176,11.9271113995699,45.241809708903
90.0302954511471,22.5935046283627,71.8037602238318,4.928996232163,19.5537104790155
34.9654237054649,7.62967406624132,25.055642795108,1.57593380578889,6.63169756362498
31.9045688640331,16.9829363580486,30.4084949513943,1.28743901201812,5.23331031951296
58.0330203904222,29.0902560288053,48.6979891106386,2.21142146852596,9.19779612156762
52.4744349125952,25.5945854709134,43.2542197441186,2.10901971137735,8.92943772978417
120.880053633991,51.2675132153417,98.3931421729049,5.54522216185507,20.1742927694852
114.697833693194,43.7743242204442,95.3757618256929,5.03925941750443,18.40531770502
105.122340307445,37.4610359620332,90.1720106246101,4.35751005905163,17.0636465822167
101.487665771713,35.2076204280837,89.9901270445432,4.24227618892113,16.7528515415654
161.38313825148,53.9394952016145,139.327438920794,7.12450815542448,26.6411223302353
175.606761647453,53.6863666786122,139.382085543337,7.26635603001485,29.4997098743725
134.732587114861,42.3927144316489,110.827153475848,5.42196209125432,25.5489790081864
84.504559331977,25.3305405478101,68.3747543192832,3.43669918068825,16.4544575360013
84.0998940128509,23.9438314719887,68.317267567738,3.58217091068282,16.9862385644984
69.2180900927003,18.7108726052822,57.2203473082165,3.12939098141107,14.145625834569
51.5124475309986,13.4782764394449,41.4034910219271,2.40576108883542,10.4912276628647
67.5309894106729,17.2072585985089,51.966092950815,3.24938150228882,13.8600517473081
94.7592568329849,24.5486580722129,76.3427195171258,4.65542788170347,19.5609471214589
111.334256120005,30.6593083160429,95.2519375511526,5.65316805970584,23.1432874784768
126.652329925352,35.8638854472367,106.124665629914,6.8946020119344,25.9574726019614
131.242967018452,37.7530704160549,107.602706192178,7.19453203438954,27.3220661297011
115.302825719054,32.1559320251641,94.220902706202,5.84211816395041,24.0025226756114
93.6362045559328,25.8490924760266,76.6837674356923,4.73679423834393,20.5280048679892
91.1734712130198,25.1177153254227,76.8763471293996,4.90638139036505,21.3042567470979
87.2143135377814,22.5672908245089,73.5596033860967,4.72580988013815,20.3342220069166
146.786240909626,36.7924797698318,118.631874560322,7.92079739427387,32.315554699062
96.4860663642595,24.7757629716353,79.1413417037525,5.43524350998384,21.1826525812957
111.890610616982,29.52511093621,93.4127903304453,6.41530607233769,25.0122217817059
72.0857071753542,19.4830231346632,59.9948394575832,4.28996888869452,16.1712710318976
120.462286714653,31.3793277302429,98.7653684282418,7.32025544961661,26.8417360923663
92.0479727598958,22.7012036415675,76.4373698756608,5.12262218668062,20.5361214700074
41.8885199185149,8.66148848366067,28.5170104681866,1.81787499209895,7.9588119617366
38.268879574444,20.4836160954201,36.628069352984,1.62358759732772,6.32514762485441
56.9089376067044,28.7501242356778,50.8560902545752,2.25966282947602,9.0232635427791
55.6999606454568,27.7867794557622,47.3441010979003,2.30383053464587,9.5465631189404
68.5100243434094,29.2927249843774,55.1013210197579,3.04978223426532,11.548386141051
80.8534907693487,30.7737281729978,65.9287520647287,3.72525380975703,12.9933223368202
64.7328572487908,23.4135602430432,55.4763053415022,2.93940451838119,10.4226230809332
118.080633790703,41.0877836305058,102.203942474219,5.03051542635252,18.9103314104398
92.6663439029977,30.7787448077306,79.251750195797,3.98260480920949,14.9718465368998
120.243932599682,37.448453664754,96.3388810596422,5.11485258130091,19.650892596659
90.7188781572917,28.9235999786419,75.2099759711779,3.77299510975583,16.6071869199262
71.8596903294968,21.2331083222242,56.2602468987932,2.6608663070481,13.3722507336112
96.5314706091627,26.499592181297,73.1236644477426,3.77149906427867,18.3182727752145
89.2006226543009,23.9683993117203,72.1548092902147,3.90801053764917,18.1476899926122
58.9809442427414,15.3884562154301,48.1981956035008,2.75705542098324,12.1895341212999
65.3473640482772,16.5151047742727,51.471446479019,3.21059043100435,13.579116860187
65.5640921722764,17.2015871177573,54.7433635691352,3.43864908298173,14.0718450197215
71.3149619084697,19.9352768013446,61.374465256793,3.73285410743422,15.2459214204633
66.2316504928441,19.5489469153999,57.0447256014836,3.52030993961993,13.8899445294046
85.0607197235544,25.4664797648738,70.9496271333718,4.39106567710421,17.9293179183266
95.2799066146331,27.850530565375,76.1613824843824,4.46273273806387,20.0297511991707
82.9188312591405,23.5916512983242,67.1996040487447,3.63536795258971,18.2004328613704
110.201649752477,31.9295157755155,93.1063899457594,5.36043100811732,26.03363005365
117.728476209598,30.8658686627233,98.7608484966982,5.86727195054681,26.7563220753541
143.374320910489,37.6124947051008,122.047648413221,8.19106430960808,33.0938572770276
88.017877408449,22.7745887576614,72.4136750720275,5.33922465427169,19.7561172296985
66.4269991946726,17.7231585866878,55.2181863875778,4.18457780449082,15.3843718537528
69.7795956076108,18.3998205310639,57.393144540746,4.37114850945109,15.889147740059
98.5039746829365,25.1511528943359,80.247328605767,6.17223512493708,22.4298420272093
94.0276488290712,23.4811209257168,78.5615105725621,5.61668993796096,22.0161652921103
48.8223665915265,10.4373261526681,34.3926735071044,2.42394865453876,10.1926819798621
25.1010589627952,13.9136290845986,24.6812475921805,1.05384828859208,4.25808374692696
66.2112765306647,34.4364271568415,59.6848330129136,2.76351678718041,10.2500369787299
46.2966977747286,24.2402033175616,42.0743270695825,2.20613702906664,7.5575891182895
63.715849375321,28.2536789000113,53.8066435822883,2.84330968162239,10.61912311955
69.717131564158,27.3090594458362,59.6775232959166,3.15258852740549,11.7298750263165
72.648678866177,27.9986745437389,65.2479571393868,3.61934181734991,12.2800194184068
113.725025313861,40.6216792484957,96.2978745755568,5.31700804912117,17.6929954719787
104.326490919502,34.6929649819106,89.8222525642982,4.35439606711131,15.6001356209856
95.0097712693998,29.6023774786439,78.8872469383155,3.58239663416006,14.5748369680622
97.7745717152142,30.5591092007212,83.3322034325635,3.63090500705134,17.2322943096566
72.3178002274956,21.5512470345027,59.5897489988487,2.6700675661889,13.4801440565644
84.1393780701602,23.3044387143078,65.632219405039,3.20341198071383,16.5272824874102
95.1799034609635,26.0879925293841,79.3968438691164,4.24882627273602,20.6337422896106
91.4685337772046,24.2759546595919,76.9734605968578,4.37906582314822,20.1543266979146
101.974504700636,26.1163906756541,80.8339961393001,5.23882574590754,21.8566896298749
82.9835237577339,22.0870521616857,70.0986762429766,4.61788306440023,18.2998990061166
76.7353793131048,21.9820863521328,66.0221262342171,4.20528058366824,17.134017298373
69.9262106529585,20.6932591829564,58.3305348554696,3.55331142806343,14.9802270603619
87.1979821353147,25.9708486834645,70.5180614059819,4.08715005667158,18.1909742773302
103.402147034213,30.7932516915043,80.7565217169758,4.54567934552288,21.239399705662
98.3500869226161,29.575681315508,81.7677125937871,4.47537008818849,21.6776883489438
131.839541770412,38.7105983321001,108.398671925997,6.4472645965813,30.9896540801754
151.709040591967,41.6866972206862,128.270314144321,7.99771202969817,36.2170603652831
114.4778908432,29.6318654026872,92.6046400689185,6.63576277816151,26.3804857176466
109.920392415476,28.4852374924666,89.2422706985357,6.97445294791338,25.4980830873168
84.5942489189582,21.4148600945855,67.0247322933866,5.27864225753047,19.9086030539012
78.3841604493987,19.5248565434602,62.5360842784957,4.78383536686151,17.9146092816905
101.533548586756,24.0836704668051,80.0314914483898,6.04777387991179,21.9854572650797
101.737782671539,23.8251219817032,80.1206117875468,5.80906053109505,22.3429250073664
47.4948847971305,10.1883641307378,33.1843317054489,2.36977361749627,9.82367228493525
19.0543471899836,10.4559514747043,19.0608430370265,0.735985082353932,3.40829346798787
41.2968883504825,21.6160292067256,37.4857015703231,1.57178368251892,6.7133139252403
57.0651636902451,29.6612014436651,50.7763040324608,2.47412383415216,9.36435963709907
90.4528995975937,41.6287914930593,77.2193326020042,4.24222495807451,14.7570029395293
100.737086189008,41.0030803982278,86.2091302816066,4.93015660773842,16.5740989069201
114.698145317442,43.7199414787346,101.475254079648,5.74107565389263,19.2304008234489
161.372461792707,58.0496890423883,140.437920763735,7.46518037455064,25.8051695010343
158.154170733058,52.0123473448609,135.364592768754,6.17454327609666,23.2087360187652
136.653426669956,40.81788067393,107.881288568666,4.61588399875782,19.4490470223353
138.419602176853,41.7433202067269,115.196881072283,4.76063343119167,22.3596223715545
112.892804553002,33.2508685629477,93.0617229788715,3.94979084284257,19.6805584198306
121.349824579271,33.6527917979969,96.493815907088,4.59442715888716,22.7738451601382
135.227874606219,37.164449280913,115.197804161681,5.82002062438509,28.8344723316704
102.227413074052,28.9636526431869,88.349828679533,4.99779187601793,23.7098506287241
113.214775504988,29.7654558762787,87.2189934675126,5.63600741461414,24.3978344856784
116.277437423965,31.3110473504104,94.1033169328201,6.06605946448736,25.7264678820804
141.319066217143,39.8715575313973,116.188285775189,7.08522897173485,31.6822041022373
133.34918028851,38.864602993704,106.068164859266,6.26013432936773,28.2864430506373
137.422210221201,41.1941987371345,108.791282650665,6.19079696267697,27.9481073967738
140.605648540155,42.5950066098189,111.699678453362,6.18069123801571,28.8177228291524
134.395364100738,40.2235252902811,107.660181123824,6.17616934676466,29.6475217140782
90.6309269392576,26.6880661828633,76.0573285801085,4.5234191751516,21.9930621235834
128.369694968349,35.4225955071695,110.574655189624,6.82169231223419,32.2258735981651
97.0337942843316,25.0788118789404,79.4539656301713,5.39855211504456,23.1397335492908
101.381802235533,25.3755803201232,80.9314030436656,5.80471813904887,23.8888536527363
89.0477828182356,21.2440943620371,67.750732444468,4.87928834112532,20.3399010595164
78.068658571942,18.2510570448661,59.7432346804236,4.25490410990413,17.2845276370712
121.357937028379,27.6520781417688,91.9837260115969,6.75076456382809,25.6421262267916
119.934002331088,27.6861933752617,94.4534714219524,6.780885202398,26.0569123981346
42.9506547680042,9.09213943704984,29.9190609551433,2.19656153260536,8.77129456681813
20.9464408962164,11.1359816508475,19.200018810888,0.932881235027615,4.00264534109314
39.4997042419079,20.3812389779378,34.7670863103613,1.62320268969119,7.07782786642345
60.3741740657932,30.2917439874266,52.0962423593001,2.46354477425806,11.0233109060948
103.776016095494,44.6342743621025,82.7666987242158,4.50496382879556,17.2856485504909
94.3045802889819,36.0408938836199,76.3578573482506,4.41327444208029,15.2879166343731
108.075328334189,39.1784575839623,93.7469178958061,5.15258587144108,18.338526615616
240.99925041452,81.7860457291982,209.549130148833,10.2156327009393,37.9215963421092
172.346210616353,53.6475450550811,144.521935397683,6.06327523549274,23.980472685634
147.262699317413,43.2050432135636,117.87670369943,4.9756322484833,20.3962278132577
227.502510650402,69.1151327058136,192.866271570564,8.0525909066076,36.0528146958766
132.59821379816,38.2994462283114,105.545573823635,4.78040988891838,22.0817951490879
110.572087449554,31.6150954828651,91.8198252639726,4.3088998387069,21.1468106957741
131.422035678821,36.7942750018342,113.518709773087,5.5193290828304,27.0402058598364
87.8624242432162,25.1752308381681,74.144157935902,4.11264157073118,18.8748448628878
77.9091060443276,21.5231046460232,58.339524073735,3.7950893617957,16.4435322781724
83.56062943875,23.1847252632937,65.5699556469435,3.94565950338394,18.2328744861388
108.524058930167,31.1442153868572,86.1546337180327,4.93860366143557,23.8365966136144
96.2427761985417,28.5710444127042,75.6933224463569,4.56885221787051,20.3542511524678
109.882115201852,33.3683537197977,87.3989307702017,5.32790699205877,22.4261969945479
132.345546612031,38.9626837617736,104.609725144441,5.95791912248817,26.8192631337964
144.804180599674,41.6561505769256,116.246888243401,6.5860856581957,31.8402850731362
141.054503806443,40.874790617035,122.376436725602,7.03348875250955,34.9661432365238
136.867449723311,36.5205925978916,119.871252588853,6.97929566526561,34.1514360884426
94.8568261876435,23.9228091762505,79.4775307166577,4.92257502745652,22.8012004409668
75.0475585262098,18.6194571075312,60.6743699969642,4.16235326082254,17.7972897868032
79.7433869986083,19.5221836933049,64.0969760769196,4.46783130461621,18.8933120817002
77.1988039656498,18.2324833248754,59.7546521192358,4.29840833337649,17.4677784519892
106.19597134196,23.9377631276093,80.2138720861459,6.14080448394894,22.9753478392939
98.5166173351798,22.506523697283,77.0916697630859,5.8802905087001,22.4210922674906
36.0167359482355,7.64660289988524,26.141853037539,1.95218922646761,7.81661149870204
16.9190165327936,9.21913487397037,15.5356568949691,0.778245339874976,3.31553900604953
89.4767561126672,47.1628957938516,80.8956091212127,3.84925831939757,16.3351445406111
119.632905640127,61.6569154495078,105.794665441228,5.20250882924979,21.884404874398
59.3225625942124,26.141244353973,48.0881228680687,2.58713431303245,10.1781029042397
116.726723923714,45.5139386227287,95.6004101928289,5.20283061481336,19.7902270453997
139.763999573558,51.7875967763706,120.734332845377,6.31243958704882,25.2390382318852
125.310843591993,43.2238840534958,107.889868770073,5.1121715083931,20.8083884694949
73.3256154763177,22.7746062853237,60.9738898994018,2.59006922797205,10.3192137500328
53.6300763442286,16.1968133493204,45.2489496381989,1.90686990241834,7.81555991235331
62.4267720389682,19.2063110531575,54.2169472339713,2.34240710364359,10.6259690954483
122.079647493201,35.0556128018727,97.6180147379556,4.25278922375419,20.8956441083395
98.0840511501534,27.2666916626509,76.0569849603183,3.37880171531933,17.5679853590544
92.3698614532259,25.7435188828222,72.0877706039431,3.54223799919653,17.2476889478024
72.9092154574771,20.5725838353752,54.540211422204,3.05507365580244,13.9616527120487
83.740047499575,24.3924328835348,62.5990510313284,3.88963262232545,17.3176854736897
72.7476566019615,21.4895492951585,58.9825342094631,3.45744182604478,16.3889352146591
68.0200109331889,20.4060182496735,55.0508497747047,3.21656681633544,15.4811273560718
68.6316040058122,20.5407696029046,55.0808419396895,3.49074078457254,15.0886768952651
71.7548612274016,21.4694461865851,58.749084863261,3.8593252280522,15.845888664081
86.7973036822958,24.9466338902065,71.3400061944243,4.36599532691754,18.5416969327733
84.6927739599892,23.7394188135879,69.7684967473395,4.17012424392273,18.7813034748474
130.935938268451,37.2169278384615,113.390660653672,6.97620702879918,32.3521444309968
148.373866031585,39.0220191847433,128.353584148156,7.82141164782759,36.4604832650079
101.425044302665,25.5952573369474,83.916505742478,5.36406129420483,24.0020267725093
62.2352274079911,15.3185963639806,50.1027467288803,3.4713861621369,14.3001427596118
84.2025883978899,20.761905258614,69.1185372557967,5.10379161263307,20.1165932886616
79.0391503539673,19.4340542395325,64.4150551104292,4.93910220956973,18.8623986906329
133.790739427714,30.8530280182442,104.764480944212,8.32138049378987,30.3817562671196
72.202096515087,16.2117328793902,57.8302922004232,4.46199465557743,16.845658413064
33.9564611358538,6.95854075579661,24.7400099811674,1.856775315986,7.44979440339459
19.2538610421808,10.2934379306086,17.5265458277642,0.816358038799347,4.18579828311106
134.821122776437,70.739530574248,122.138721164322,5.51459485875671,27.4080192340726
89.8360846169834,46.7371751281903,80.2339476276273,3.82035529698779,17.6665399294819
57.1655194987969,26.3352052595668,46.7071859089663,2.50261002376864,10.1824500436634
108.997799928892,44.503181128714,90.1708283152573,4.81510116599333,18.5883355421
118.410884384257,44.2521101769498,102.655367654206,5.17231885067013,21.0400987038777
90.1147833638279,31.4694331873089,78.2515489289671,3.61855040953356,15.0293744267936
70.8762144022368,22.4042452648764,59.2258659796258,2.54571681086208,10.3353734226556
51.4666577382129,15.5237641252524,42.7513504337964,1.87896501477933,7.66825563043583
55.4185555992595,17.3863374057496,48.5115654604758,2.1707701464274,9.68450516661514
105.551574810608,32.9980105528632,91.4105637229733,3.98245975767835,19.1363407304873
100.781610899291,29.5354298037574,79.3866657009558,3.69345723925053,17.5931018304686
84.6487567868928,25.0907756022539,63.2361781755319,3.2181526920127,15.540081488444
63.1912780915787,18.9516454977583,47.331832156494,2.43787302909151,11.9330522555487
68.0665392949536,20.6128152129012,51.4082271820714,2.82401134163884,14.04822382863
58.3769689252117,17.9102453991592,47.9653897361416,2.70028164512379,13.2936775747695
53.0040056248433,16.0154544288504,43.0510868929828,2.66497461373873,12.2536363081691
78.2339153282399,22.6400580833592,63.2817641029057,4.29685709348993,17.7971744714437
101.633612108407,28.4319895574469,82.5126392284043,5.82183252525678,22.9208026636071
118.358536078874,31.7663404312891,96.6050113984627,6.48720813718336,26.021136939875
98.8513665388473,26.3196529638882,81.8779281683955,5.24139976372156,22.5301160304044
107.115018688466,29.3959490246361,92.9836203701089,5.92556513019748,26.6570674102112
160.794883932497,42.6418666152681,141.375389424682,8.823573147528,40.681243137237
132.258160161783,33.4971511489375,111.586990470054,7.18335439595346,31.5888710580277
97.2814242473928,23.9645717160245,78.0831998411706,5.47349047667931,22.3297307947339
107.619090303896,25.8638101604151,87.4898291140944,6.2941838904651,25.2039104356096
96.3495142383919,23.1679546407267,79.1966884555704,5.82414716141359,22.6124762710751
146.30422935122,33.3533760593879,115.85062118951,8.80552781938119,32.7934914993857
62.0201439362256,13.5385194157331,49.9621400113966,3.65855699831236,14.1180437799069
32.1661526763521,6.35625731677136,22.9998526342275,1.67179627765425,6.70742370889261
40.8884855593195,21.0167653217181,36.9129729245186,1.80136007273183,10.134727008552
105.802079632531,53.8217609553891,92.6116779039009,4.40718376304031,24.7787127975932
104.939824448054,54.1802242766096,90.1749905033234,4.30149310676761,23.7405695985972
98.3211565318844,46.0484582884691,79.8467626379067,4.27086955309727,19.9074354273236
160.668138699577,68.1017910025242,133.792097223386,7.50970816975302,30.4360701450922
137.329116755199,52.4116023525458,119.457117735103,6.17201468523603,25.5016696432469
202.844500441859,71.1642808468623,175.222859545433,8.31623048390807,34.7572299440054
191.922395487753,63.6175063745406,162.967258392937,7.4546603162649,30.1669739017247
109.233688036799,33.6611161959789,91.5122365761256,4.00577959807143,17.7240421360927
118.843394067034,37.7715131079451,103.24577490953,4.53621049045598,21.5729090666682
124.225883142207,39.5069170063319,106.038547080365,4.73900945219483,23.2830463711685
121.376637130872,39.2833276636915,101.099278495616,4.81128468737029,23.1462893113998
87.6002268371374,28.4426017427148,69.8105914574865,3.40659225014133,16.2869578788755
63.3035373125679,20.2514352311522,49.0856253148171,2.37052275950706,11.8339085821707
76.7883264919156,24.1772514817926,59.6648783549678,3.18349925085403,15.5683513203045
65.8636529073624,19.9324693769141,51.2364306056544,3.17893863352392,14.3961162841397
76.2835579294401,22.3947246956985,63.5647543522853,4.25921772842327,17.6583322011017
92.3724779547431,25.2197484557884,76.4806130406614,5.41661603694713,21.4096669714397
135.754322575766,34.8003642220995,109.14711053222,7.85164340127387,30.2047061909384
158.284695475662,39.2837523185349,127.049314776366,8.80846198940282,35.1315135971048
118.850879069743,29.9983531406057,97.7823408957939,6.63848323337535,28.3754992621459
119.167947001848,30.5097396947961,100.606735758506,6.74273499898647,29.8681637665564
153.03995582612,38.2402217336069,129.323496133768,8.32752300938659,37.5510981942878
160.911126191208,39.1951624961747,131.843842353882,8.79384529569137,37.3190515539312
112.504936474977,27.2335004839272,91.6640450911521,6.47533893720336,25.6740728954663
99.5238938325645,23.7015235438103,81.6962933890586,5.72080782493593,23.4293375594564
141.896713123662,33.4577668962439,116.531597395505,8.18554385114558,32.452053542406
82.7318776291803,18.9247147016496,66.7968633911053,4.87680956670019,18.3094200298595
49.7579165227862,10.8907762043558,40.0701457997458,2.79128526270629,10.9536645216048
31.116607205873,5.98399183461958,21.8897389800608,1.5010712698184,6.11319036995214
32.9840919767162,16.4756573975563,30.2944413019378,1.55997592762906,8.17189022688125
108.127785192178,53.8205525755694,95.9111226300432,4.83216957951905,25.5084078456533
93.69317985401,48.0999670498258,80.1597152384914,4.09627951180264,21.5536113767867
80.9561379016317,37.6924466293951,66.1759404389438,3.46186661886328,17.472278152821
256.978613544651,111.130318782785,218.156422534731,12.5950774472425,54.7060426053099
189.347671241703,75.8385911567912,166.6256141595,9.64876317696097,39.0141413908367
171.599570594031,66.0076071235397,151.29685615226,8.37890187144257,32.2490844805707
103.448372774075,36.9332450213562,88.7951265903759,4.52820178748921,17.7009260177518
116.779986834028,38.670840365793,98.826409212135,4.34240041951635,20.4522154757661
173.273882208599,58.4862565967419,149.75430206058,6.33304454148621,32.0566119356684
138.092887541855,45.678076680754,114.093406630835,5.05858085569756,25.4601373192332
136.243650084272,44.8025730078118,109.59339158135,4.93180271454969,25.5367251313068
93.5103170907553,30.9254308587563,72.1987773768956,3.60681468035607,17.1637644583521
65.5912319519155,20.9976023710785,49.6570492809613,2.66954846406092,12.4518630560016
74.5614733151315,22.805679532113,56.2768343269445,3.5956003602719,15.3771519996555
65.5096729198455,19.0298643447709,51.0003662397056,3.59414705451737,14.8337161715364
59.7906562968424,16.2604109604715,48.8529223574929,3.47965404879222,14.4446606970766
75.7674872606436,19.5854697977119,63.9723392299549,4.73201250845016,18.6661755082718
117.091832498955,28.7467674135181,96.9747206762323,7.23722433500389,28.2052282082993
138.821304833906,32.7822634128765,112.454028912124,8.08967479586453,32.3537994653487
123.151802729264,29.3699768066596,101.205059943388,7.13716128465621,29.8298224141182
194.522165677384,47.0271343543857,162.321908091182,11.2063477037517,48.1550993850119
187.787417639104,44.3721924571428,156.398774449895,10.0225321317686,44.8064184412202
127.877682190758,29.6370374997537,102.618077847529,6.71838318178897,28.5127808976306
76.4140014385121,17.9536559064665,60.7393457178018,4.42550604696602,16.9309665008323
71.8310049895703,16.8817479209893,59.2587333134969,4.28929343392249,16.5174216192874
110.260476802935,25.8024128012507,92.4451776796087,6.42290788961051,25.3957006879879
95.5543804714968,21.4339509755983,78.8467937128055,5.2394885964163,21.3347530928833
46.4637839844807,10.323757529778,37.8501443064253,2.46390242319576,10.4732546868672
29.161884549596,5.71162793483415,20.966939250408,1.38718083025362,5.80026974741073
38.5678854804248,19.7392728408352,36.3340219370501,2.08626176264469,9.28386800247642
96.6197984547339,46.8201822575024,84.5442647424884,4.63339548754878,21.4330834487061
79.6063898320233,38.7843791328689,65.4335046635188,3.54899498099443,17.0080942380195
68.4278943361045,31.9055747007171,55.1436738965903,3.16139399253327,14.6493142098966
121.08157251865,52.3344982331683,98.4704858395568,5.66009465755035,26.1936277566536
164.046770613208,67.8917998689242,140.121317847111,7.50810575788941,35.0869283401339
193.570653187603,77.0564160873091,169.347488059079,8.50407901577123,37.095289263495
118.790206310236,44.9914617287591,101.546154441027,4.84351609976494,20.5663587740064
104.51879836682,37.0329786974449,85.4158148007628,3.77806068295049,17.596858716652
124.290380514968,44.4702367297749,104.732609064802,4.61479250136521,22.46951379996
129.932553526439,43.6351258171301,104.189768723964,4.87216796372708,24.1565924373079
116.980771290218,37.5259229160666,89.5136391073542,4.47216295358752,22.7085578332005
128.136279891424,41.0198420988746,102.476809712079,5.41035397732942,25.6195011702057
78.4800332505631,23.5942493643802,61.888167617269,3.47069195503753,16.1319058957933
74.8585650895206,21.8337243938628,60.4689359232876,3.88446453621928,17.0470483905901
77.0060954604714,20.7963804302563,62.4354311172779,4.29262097067708,18.7283878528113
83.8162741823682,20.7441416173534,68.4799383822014,4.77914133478388,20.6022884888519
79.8533665689018,19.1357544409514,66.9711625559742,4.91095630244984,19.553938037645
120.892573431199,28.9145100973669,101.290944447511,7.9101323299334,29.5885451616763
126.310042226129,28.8746611307927,100.887636697527,7.77456287007104,29.292895903624
118.407793269601,27.1239995460677,97.5780327586437,7.12278903162162,28.1399686027492
161.280780859685,37.1560243028016,135.117706071911,9.32593702414272,38.7220595135479
157.884573008824,35.3272908618699,132.376227489215,8.45596229310861,37.6058056415485
115.441735532169,25.5384033878251,92.6160966371939,6.1799209159829,25.7665302566405
86.1411785327333,19.5943084121925,68.8516582436724,5.01740146957607,18.9823019915664
73.0244584174939,16.8526289161108,60.2132793164485,4.39868059070924,16.681542738027
128.802596814436,29.9697086301483,109.029098550221,7.63586159078619,29.6061181165311
100.181915222917,22.6615617517148,83.9611594301867,5.63973439577325,22.5112821433988
51.4119182010005,11.4694965067101,43.3789259188263,2.68597756843081,11.8048332574903
27.8737351591512,5.65906553120289,20.9556438995211,1.28302493516386,5.86796845407396
42.8367754805584,21.4021109521286,39.4749333245982,2.27131673409531,10.7617330086615
118.826152909136,55.9294752212469,100.019801090286,5.6577150990088,26.8999345481274
127.599761602263,61.0750546855001,103.49251149831,5.84406135293059,28.1877590370727
105.994665031885,49.0655710603445,83.9355851070279,4.87097409572059,23.1198964151688
100.443183391674,44.7801458526302,80.7680814356083,4.49054949436354,21.6926155321002
113.024463306575,47.765794470177,93.8445872333049,4.55756069810869,23.42970363355
159.676426164393,64.4791610358067,133.711972572934,5.97247299025789,30.5825948143388
98.3126814329499,38.1125668730014,80.3940550725597,3.74721497998682,17.8833829528854
85.2836529747466,30.9365543012761,68.1678651193225,3.31383515664707,15.36340256377
111.20726044253,38.899998695905,91.1295699813103,4.69263897959067,21.7598270130541
150.499353907256,48.1741324714787,117.234158103591,6.63910528727541,31.1587254895386
116.521126540601,35.8642606522821,92.2164742591484,5.42289839770255,25.5321229055957
148.882183183845,45.59417417876,125.785624373955,7.46468448428055,33.398556538953
73.8141602544388,20.6389391195828,59.7370155111026,3.6291244744299,16.1690434567317
63.2607822109885,16.6575401339736,51.6438211143228,3.31309647634615,14.6924277750921
67.7551561611861,16.7692340558401,56.3748471165758,3.76994328055319,16.4324689581874
78.3608177147841,18.4938528074515,65.1012810238124,4.54898122919384,18.9903774312122
77.2742899745046,17.5841551533403,64.1101915523032,4.76712101566948,18.2202399677492
107.546186654414,23.8769135768851,85.1027529189885,6.72077272490718,24.6976356166166
93.7028978966875,20.043592131519,72.2949086626314,5.55594224555713,20.6394971878353
88.4155978293719,19.0791950334717,70.9072208769334,5.29752538160918,20.4846969126848
144.690224784123,31.5599508544345,120.186040979752,8.78959536510462,34.9510112550678
144.920020972852,31.285216786676,123.034424867165,8.70557681499408,35.1618716752109
144.804747359598,30.8460928460299,118.384971620667,8.36691931768653,33.0024555772614
99.1177073133339,21.6118794434797,80.91714441048,5.74331794278479,22.1868930611016
71.1031737023818,15.4963355480709,57.9595111165227,3.99269329289875,15.9290968210668
66.5867135518824,14.9690972681684,54.9949530974466,3.86757321844962,14.8972593587892
179.177776016261,38.705586553561,145.198813028439,10.4119561798273,38.9124683272312
74.077644609549,15.3576448683226,59.667917805889,3.8009907203893,16.2322434795494
30.4301079708004,5.84753513986418,22.0825737166964,1.3135176264004,6.03979374911309
34.6085380476355,17.6493018448512,30.9270457039643,1.34999252915227,9.60182380826675
66.0345182097118,32.7751265067914,55.9895269268652,2.40137423726085,16.9257563502368
75.0338827643169,37.1398937936658,61.3119156245688,2.61068674164094,18.1621943587179
46.4777708228335,22.0665414751257,36.246348733568,1.65280721023917,10.3350860031974
59.9159573894862,28.5346414854481,49.3126211628909,2.17497238252495,12.8613135650492
56.3125706716418,25.7045882299619,47.6725396078845,1.83282074285473,12.0305641294022
75.6540523912474,33.4878792252579,64.413262372837,2.45271239256185,16.0127525917874
73.2843457606544,30.7218990539273,60.9194386782982,2.47107983073859,14.9717266115424
70.4149004013571,27.2165590233934,59.2509125558701,2.46873890269354,14.8741378502272
91.7147646878816,32.7648038552336,77.7708980522741,3.4299575384612,20.147119979097
109.394747289851,36.4433571781207,91.4773267700133,4.32842260075586,25.7087126039892
121.105451320633,37.6177664651159,98.3581046557011,4.93372229836669,28.3648150829044
96.5117062194597,30.9064234818823,85.5565547327429,4.35327262147054,23.3074891039745
87.7812854846792,26.4046097584164,73.4330398987734,4.25134747608964,20.6794499462257
57.4470551307279,15.6426402580356,48.3263251166191,3.14076882624277,13.737693470336
45.4444065536276,11.3679615911729,39.394233277794,2.65231841697771,11.2629635069571
51.4804634219818,12.0824206661918,43.6713195076708,3.01330260386765,12.6970871979891
54.9880878790697,11.999145401999,44.8526872223073,3.26704154510849,12.8628941394901
76.982130728857,16.5023864107499,60.8010038972312,4.68431226098311,17.2494570529906
80.3817347901468,16.8261980966735,61.3545259391539,4.66905277614959,17.382761454693
81.4110128971032,16.7062804241933,62.9704990108214,4.61996601098549,18.3006029438741
83.1999407843272,17.4641028445428,68.6804408063642,5.01412070033947,20.6725078707084
108.348177173569,22.8773953580811,92.137752361971,6.6919298369614,26.25704273672
105.949747221277,23.0757115866331,92.7378173921768,6.16162934517979,25.1865798533231
90.98763956904,19.6779583526361,75.4811849762604,4.68513090998049,20.985563531877
62.4726929359052,13.4230653502472,49.689248609861,3.08983132136909,14.0053416893131
57.245941932029,12.0919408664511,44.8019735526584,3.01541317761647,12.2134242167719
68.4955102738467,14.786079090907,55.3998209192415,3.93669880221367,15.330791804082
72.5807570759086,15.9355435234521,61.5057517378303,3.73032509787294,17.8770134917342
38.0518330603441,7.4177624987732,28.2797729898123,1.52335441643476,8.3968722759205

